{"fmus":{"{VisualDrones}":"file:////home/maurizio/into-cps-projects/linear_displacement/FMUs/VisualDrones.fmu","{control1}":"file:////home/maurizio/into-cps-projects/linear_displacement/FMUs/drone1.fmu","{control2}":"file:////home/maurizio/into-cps-projects/linear_displacement/FMUs/drone2.fmu","{control3}":"file:////home/maurizio/into-cps-projects/linear_displacement/FMUs/drone3.fmu","{control4}":"file:////home/maurizio/into-cps-projects/linear_displacement/FMUs/drone4.fmu","{control5}":"file:////home/maurizio/into-cps-projects/linear_displacement/FMUs/drone5.fmu","{coordination1}":"file:////home/maurizio/into-cps-projects/linear_displacement/FMUs/coordination1.fmu","{coordination2}":"file:////home/maurizio/into-cps-projects/linear_displacement/FMUs/coordination2.fmu","{coordination3}":"file:////home/maurizio/into-cps-projects/linear_displacement/FMUs/coordination3.fmu","{coordination4}":"file:////home/maurizio/into-cps-projects/linear_displacement/FMUs/coordination4.fmu","{coordination5}":"file:////home/maurizio/into-cps-projects/linear_displacement/FMUs/coordination5.fmu","{plant}":"file:////home/maurizio/into-cps-projects/linear_displacement/FMUs/quadcopter.fmu","{plant2}":"file:////home/maurizio/into-cps-projects/linear_displacement/FMUs/Quadcopter.fmu"},"connections":{"{control1}.controlInstance1.w_1":["{plant}.plantInstance1.w1"],"{control1}.controlInstance1.w_2":["{plant}.plantInstance1.w2"],"{control1}.controlInstance1.w_3":["{plant}.plantInstance1.w3"],"{control1}.controlInstance1.w_4":["{plant}.plantInstance1.w4"],"{plant}.plantInstance1.dphi":["{control1}.controlInstance1.vel_phi"],"{plant}.plantInstance1.dpsi":["{control1}.controlInstance1.vel_psi"],"{plant}.plantInstance1.dtheta":["{control1}.controlInstance1.vel_theta"],"{plant}.plantInstance1.dx":["{control1}.controlInstance1.vel_x"],"{plant}.plantInstance1.dy":["{control1}.controlInstance1.vel_y"],"{plant}.plantInstance1.dz":["{control1}.controlInstance1.vel_z"],"{plant}.plantInstance1.phi":["{control1}.controlInstance1.current_phi"],"{plant}.plantInstance1.psi":["{control1}.controlInstance1.current_psi"],"{plant}.plantInstance1.theta":["{control1}.controlInstance1.current_theta"],"{plant}.plantInstance1.x":["{control1}.controlInstance1.current_x","{VisualDrones}.VisualDronesInstance.x1"],"{plant}.plantInstance1.y":["{control1}.controlInstance1.current_y"],"{plant}.plantInstance1.z":["{control1}.controlInstance1.current_z","{VisualDrones}.VisualDronesInstance.z1"],"{control2}.control2Instance.w_1":["{plant}.plantInstance2.w1"],"{control2}.control2Instance.w_2":["{plant}.plantInstance2.w2"],"{control2}.control2Instance.w_3":["{plant}.plantInstance2.w3"],"{control2}.control2Instance.w_4":["{plant}.plantInstance2.w4"],"{plant}.plantInstance2.dphi":["{control2}.control2Instance.vel_phi"],"{plant}.plantInstance2.dpsi":["{control2}.control2Instance.vel_psi"],"{plant}.plantInstance2.dtheta":["{control2}.control2Instance.vel_theta"],"{plant}.plantInstance2.dx":["{control2}.control2Instance.vel_x"],"{plant}.plantInstance2.dy":["{control2}.control2Instance.vel_y"],"{plant}.plantInstance2.dz":["{control2}.control2Instance.vel_z"],"{plant}.plantInstance2.phi":["{control2}.control2Instance.current_phi"],"{plant}.plantInstance2.psi":["{control2}.control2Instance.current_psi"],"{plant}.plantInstance2.theta":["{control2}.control2Instance.current_theta"],"{plant}.plantInstance2.x":["{control2}.control2Instance.current_x","{VisualDrones}.VisualDronesInstance.x2"],"{plant}.plantInstance2.y":["{control2}.control2Instance.current_y"],"{plant}.plantInstance2.z":["{control2}.control2Instance.current_z","{VisualDrones}.VisualDronesInstance.z2"],"{control3}.control3Instance.w_1":["{plant}.plantInstance3.w1"],"{control3}.control3Instance.w_2":["{plant}.plantInstance3.w2"],"{control3}.control3Instance.w_3":["{plant}.plantInstance3.w3"],"{control3}.control3Instance.w_4":["{plant}.plantInstance3.w4"],"{plant}.plantInstance3.phi":["{control3}.control3Instance.current_phi"],"{plant}.plantInstance3.psi":["{control3}.control3Instance.current_psi"],"{plant}.plantInstance3.theta":["{control3}.control3Instance.current_theta"],"{plant}.plantInstance3.x":["{control3}.control3Instance.current_x","{VisualDrones}.VisualDronesInstance.x3"],"{plant}.plantInstance3.y":["{control3}.control3Instance.current_y"],"{plant}.plantInstance3.z":["{control3}.control3Instance.current_z","{VisualDrones}.VisualDronesInstance.z3"],"{plant}.plantInstance3.dphi":["{control3}.control3Instance.vel_phi"],"{plant}.plantInstance3.dpsi":["{control3}.control3Instance.vel_psi"],"{plant}.plantInstance3.dtheta":["{control3}.control3Instance.vel_theta"],"{plant}.plantInstance3.dx":["{control3}.control3Instance.vel_x"],"{plant}.plantInstance3.dy":["{control3}.control3Instance.vel_y"],"{plant}.plantInstance3.dz":["{control3}.control3Instance.vel_z"],"{control4}.control4Instance.w_1":["{plant}.plantInstance4.w1"],"{control4}.control4Instance.w_2":["{plant}.plantInstance4.w2"],"{control4}.control4Instance.w_3":["{plant}.plantInstance4.w3"],"{control4}.control4Instance.w_4":["{plant}.plantInstance4.w4"],"{plant}.plantInstance4.dphi":["{control4}.control4Instance.vel_phi"],"{plant}.plantInstance4.dpsi":["{control4}.control4Instance.vel_psi"],"{plant}.plantInstance4.dtheta":["{control4}.control4Instance.vel_theta"],"{plant}.plantInstance4.dx":["{control4}.control4Instance.vel_x"],"{plant}.plantInstance4.dy":["{control4}.control4Instance.vel_y"],"{plant}.plantInstance4.dz":["{control4}.control4Instance.vel_z"],"{plant}.plantInstance4.phi":["{control4}.control4Instance.current_phi"],"{plant}.plantInstance4.psi":["{control4}.control4Instance.current_psi"],"{plant}.plantInstance4.theta":["{control4}.control4Instance.current_theta"],"{plant}.plantInstance4.x":["{control4}.control4Instance.current_x","{VisualDrones}.VisualDronesInstance.x4"],"{plant}.plantInstance4.y":["{control4}.control4Instance.current_y"],"{plant}.plantInstance4.z":["{control4}.control4Instance.current_z","{VisualDrones}.VisualDronesInstance.z4"],"{control5}.control5Instance.w_1":["{plant}.plantInstance5.w1"],"{control5}.control5Instance.w_2":["{plant}.plantInstance5.w2"],"{control5}.control5Instance.w_3":["{plant}.plantInstance5.w3"],"{control5}.control5Instance.w_4":["{plant}.plantInstance5.w4"],"{plant}.plantInstance5.dphi":["{control5}.control5Instance.vel_phi"],"{plant}.plantInstance5.dpsi":["{control5}.control5Instance.vel_psi"],"{plant}.plantInstance5.dtheta":["{control5}.control5Instance.vel_theta"],"{plant}.plantInstance5.dx":["{control5}.control5Instance.vel_x"],"{plant}.plantInstance5.dy":["{control5}.control5Instance.vel_y"],"{plant}.plantInstance5.dz":["{control5}.control5Instance.vel_z"],"{plant}.plantInstance5.phi":["{control5}.control5Instance.current_phi"],"{plant}.plantInstance5.psi":["{control5}.control5Instance.current_psi"],"{plant}.plantInstance5.theta":["{control5}.control5Instance.current_theta"],"{plant}.plantInstance5.x":["{control5}.control5Instance.current_x","{VisualDrones}.VisualDronesInstance.x5"],"{plant}.plantInstance5.y":["{control5}.control5Instance.current_y"],"{plant}.plantInstance5.z":["{control5}.control5Instance.current_z","{VisualDrones}.VisualDronesInstance.z5"],"{coordination1}.coordinationInstance1.x_d":["{control1}.controlInstance1.x_d","{coordination2}.coordination2Instance.x_prec"],"{coordination1}.coordinationInstance1.y_d":["{control1}.controlInstance1.y_d","{coordination2}.coordination2Instance.y_prec"],"{coordination1}.coordinationInstance1.z_d":["{control1}.controlInstance1.z_d"],"{coordination2}.coordination2Instance.x_d":["{control2}.control2Instance.x_d","{coordination1}.coordinationInstance1.x_foll","{coordination3}.coordination3Instance.x_prec"],"{coordination2}.coordination2Instance.y_d":["{control2}.control2Instance.y_d","{coordination1}.coordinationInstance1.y_foll","{coordination3}.coordination3Instance.y_prec"],"{coordination2}.coordination2Instance.z_d":["{control2}.control2Instance.z_d"],"{coordination3}.coordination3Instance.x_d":["{control3}.control3Instance.x_d","{coordination2}.coordination2Instance.x_foll","{coordination4}.coordination4Instance.x_prec"],"{coordination3}.coordination3Instance.y_d":["{control3}.control3Instance.y_d","{coordination2}.coordination2Instance.y_foll","{coordination4}.coordination4Instance.y_prec"],"{coordination3}.coordination3Instance.z_d":["{control3}.control3Instance.z_d"],"{coordination4}.coordination4Instance.x_d":["{control4}.control4Instance.x_d","{coordination3}.coordination3Instance.x_foll","{coordination5}.coordination5Instance.x_prec"],"{coordination4}.coordination4Instance.y_d":["{control4}.control4Instance.y_d","{coordination3}.coordination3Instance.y_foll","{coordination5}.coordination5Instance.y_prec"],"{coordination4}.coordination4Instance.z_d":["{control4}.control4Instance.z_d"],"{coordination5}.coordination5Instance.x_d":["{control5}.control5Instance.x_d","{coordination4}.coordination4Instance.x_foll"],"{coordination5}.coordination5Instance.y_d":["{control5}.control5Instance.y_d","{coordination4}.coordination4Instance.y_foll"],"{coordination5}.coordination5Instance.z_d":["{control5}.control5Instance.z_d"]},"parameters":{"{plant}.plantInstance1.x0":0,"{plant}.plantInstance1.y0":0,"{plant}.plantInstance1.z0":0,"{plant}.plantInstance2.x0":1,"{plant}.plantInstance2.y0":0,"{plant}.plantInstance2.z0":0,"{plant}.plantInstance3.x0":3,"{plant}.plantInstance3.y0":0,"{plant}.plantInstance3.z0":0,"{plant}.plantInstance4.x0":3,"{plant}.plantInstance4.y0":0,"{plant}.plantInstance4.z0":0,"{plant}.plantInstance5.x0":10,"{plant}.plantInstance5.y0":0,"{plant}.plantInstance5.z0":0,"{coordination1}.coordinationInstance1.delay":5,"{coordination1}.coordinationInstance1.delayMax":5,"{coordination1}.coordinationInstance1.id":0,"{coordination2}.coordination2Instance.delay":5,"{coordination2}.coordination2Instance.delayMax":5,"{coordination2}.coordination2Instance.id":1,"{coordination3}.coordination3Instance.delay":5,"{coordination3}.coordination3Instance.delayMax":5,"{coordination3}.coordination3Instance.id":2,"{coordination4}.coordination4Instance.delay":5,"{coordination4}.coordination4Instance.delayMax":5,"{coordination4}.coordination4Instance.id":3,"{coordination5}.coordination5Instance.delay":5,"{coordination5}.coordination5Instance.delayMax":5,"{coordination5}.coordination5Instance.id":4},"liveGraphColumns":1,"liveGraphVisibleRowCount":1,"livestreamInterval":0.05,"logVariables":{},"visible":true,"loggingOn":true,"overrideLogLevel":"TRACE","algorithm":{"type":"fixed-step","size":0.05},"parallelSimulation":true,"stabalizationEnabled":false,"global_absolute_tolerance":0,"global_relative_tolerance":0.01,"simulationProgramDelay":false,"livestream":{"{plant}.plantInstance2":["x"],"{plant}.plantInstance4":["x"],"{coordination2}.coordination2Instance":["x_d"],"{coordination3}.coordination3Instance":["x_d"],"{coordination4}.coordination4Instance":["x_d"],"{coordination1}.coordinationInstance1":["x_d"],"{coordination5}.coordination5Instance":["x_d"],"{plant}.plantInstance3":["x"]}}