{"startTime":0,"endTime":25.05,"reportProgress":true,"liveLogInterval":0.05,"logLevels":{"{control1}.controlInstance1":["Error","logAll","logError","logFmiCall","Protocol"],"{plant}.plantInstance1":["logAll","logDynamicStateSelection","logEvents","logFmi2Call","logNonlinearSystems","logSingularLinearSystems","logStatusDiscard","logStatusError","logStatusFatal","logStatusPending","logStatusWarning"],"{VisualDrones}.VisualDronesInstance":["Error","logAll","logError","logFmiCall","Protocol"],"{control2}.control2Instance":["Error","logAll","logError","logFmiCall","Protocol"],"{plant}.plantInstance2":["logAll","logDynamicStateSelection","logEvents","logFmi2Call","logNonlinearSystems","logSingularLinearSystems","logStatusDiscard","logStatusError","logStatusFatal","logStatusPending","logStatusWarning"],"{control3}.control3Instance":["Error","logAll","logError","logFmiCall","Protocol"],"{plant}.plantInstance3":["logAll","logDynamicStateSelection","logEvents","logFmi2Call","logNonlinearSystems","logSingularLinearSystems","logStatusDiscard","logStatusError","logStatusFatal","logStatusPending","logStatusWarning"],"{control4}.control4Instance":["Error","logAll","logError","logFmiCall","Protocol"],"{plant}.plantInstance4":["logAll","logDynamicStateSelection","logEvents","logFmi2Call","logNonlinearSystems","logSingularLinearSystems","logStatusDiscard","logStatusError","logStatusFatal","logStatusPending","logStatusWarning"],"{control5}.control5Instance":["Error","logAll","logError","logFmiCall","Protocol"],"{plant}.plantInstance5":["logAll","logDynamicStateSelection","logEvents","logFmi2Call","logNonlinearSystems","logSingularLinearSystems","logStatusDiscard","logStatusError","logStatusFatal","logStatusPending","logStatusWarning"],"{coordination1}.coordinationInstance1":["Error","logAll","logError","logFmiCall","Protocol"],"{coordination2}.coordination2Instance":["Error","logAll","logError","logFmiCall","Protocol"],"{coordination3}.coordination3Instance":["Error","logAll","logError","logFmiCall","Protocol"],"{coordination4}.coordination4Instance":["Error","logAll","logError","logFmiCall","Protocol"],"{coordination5}.coordination5Instance":["Error","logAll","logError","logFmiCall","Protocol"]}}